{
  "version": 1,
  "dependencies": [
    {
      "source": {
        "git": {
          "remote": "https://github.com/brancz/kubernetes-grafana",
          "subdir": "grafana"
        }
      },
      "version": "master"
    },
    {
      "source": {
        "git": {
          "remote": "https://github.com/coreos/etcd",
          "subdir": "Documentation/etcd-mixin"
        }
      },
      "version": "master"
    },
    {
      "source": {
        "git": {
          "remote": "https://github.com/coreos/prometheus-operator",
          "subdir": "jsonnet/prometheus-operator"
        }
      },
      "version": "release-0.38"
    },
    {
      "source": {
        "git": {
          "remote": "https://github.com/ksonnet/ksonnet-lib",
          "subdir": ""
        }
      },
      "version": "master",
      "name": "ksonnet"
    },
    {
      "source": {
        "git": {
          "remote": "https://github.com/kubernetes-monitoring/kubernetes-mixin",
          "subdir": ""
        }
      },
      "version": "master"
    },
    {
      "source": {
        "git": {
          "remote": "https://github.com/kubernetes/kube-state-metrics",
          "subdir": "jsonnet/kube-state-metrics"
        }
      },
      "version": "master"
    },
    {
      "source": {
        "git": {
          "remote": "https://github.com/kubernetes/kube-state-metrics",
          "subdir": "jsonnet/kube-state-metrics-mixin"
        }
      },
      "version": "master"
    },
    {
      "source": {
        "git": {
          "remote": "https://github.com/prometheus/node_exporter",
          "subdir": "docs/node-mixin"
        }
      },
      "version": "master"
    },
    {
      "source": {
        "git": {
          "remote": "https://github.com/prometheus/prometheus",
          "subdir": "documentation/prometheus-mixin"
        }
      },
      "version": "master",
      "name": "prometheus"
    }
  ],
  "legacyImports": true
}
